feature,split,gain,total
f003_AvSigVersion,0.9788617886178862,1.0,1.9788617886178863
f003_date_max,1.0,0.6208700427022812,1.6208700427022813
f003_AvSigVersion-d-Census_OSVersion,0.8276422764227642,0.0157973009116581,0.8434395773344223
f003_Census_OSVersion,0.5707317073170732,0.011906340020255438,0.5826380473373287
f003_date_max-d-min,0.5495934959349593,0.0023917576827058606,0.5519852536176652
f003_Census_OSVersion-d-OsBuildLab,0.5138211382113821,0.0020472290494164607,0.5158683672607985
f003_OsBuildLab,0.42439024390243907,0.002523546972955805,0.4269137908753949
f003_date_min,0.3203252032520325,0.006037938626099992,0.3263631418781325
